feature	community	eigenvector_centrality	weighted_eigenvector_centrality	degree	source
surveyHealth.Drinking_status	1	0.5376687680537924	0.5324411458754287	3	surveyHealth
Meta.Alistipes_finegoldii	11	0.5229269762445711	0.4691290094227041	3	Meta
Meta.M00411	11	0.35804534923451026	0.42975894605152754	2	Meta
Prs.Quant.rosacea_severity_measurement	11	0.2185196926879862	0.343110855706458	2	Prs
Meta.M00037	11	0.2545791318231272	0.22566137877855869	1	Meta
Prs.Quant.serum_gamma-glutamyl_transferase_measurement	11	0.31914907536580644	0.22545917053817566	2	Prs
Prs.Quant.urinary_metabolite_measurement	11	0.24759908614576043	0.21897380961083068	1	Prs
Meta.M00761	11	0.10346621741138301	0.19089178798272327	1	Meta
Meta.M00463	11	0.1511129144117444	0.08867067280263419	1	Meta
