feature	community	eigenvector_centrality	weighted_eigenvector_centrality	degree	source
Meta.Lachnospiraceae_bacterium_7_1_58FAA	7	0.45209457233691286	0.5196583381487007	3	Meta
Prs.Quant.age_at_menarche	7	0.5298990988806639	0.5170179616891644	3	Prs
Meta.M00217	7	0.41931947708997785	0.3617552481617601	2	Meta
Prs.Disease.ulcerative_colitis	7	0.3577512399397835	0.31464638981041365	3	Prs
Prs.Quant.Headache	7	0.21356614353287362	0.26180105670122045	1	Prs
Prs.Disease.polycystic_ovary_syndrome	7	0.21356614353287345	0.25524553547551004	1	Prs
Meta.M00305	7	0.2503204283663732	0.24435334837237235	1	Meta
Meta.M00449	7	0.16899904872360497	0.14150003535752606	1	Meta
Meta.M00050	7	0.16899904872360488	0.1391313521568114	1	Meta
