feature	community	eigenvector_centrality	weighted_eigenvector_centrality	degree	source
Prs.Quant.adiponectin_measurement	7	0.623916263318075	0.639918898952383	5	Prs
Meta.M00220	7	0.3105218745020432	0.3504822225342112	2	Meta
Meta.M00714	7	0.37032292345385576	0.34415831044092987	2	Meta
Meta.M00713	7	0.3703229234538558	0.31988024769053497	2	Meta
Meta.M00283	7	0.25072082555023145	0.3107344732655289	1	Meta
Prs.Quant.monokine_induced_by_gamma_interferon_measurement	7	0.2976286227730272	0.24689567000903645	2	Prs
Meta.M00662	7	0.25072082555023145	0.23043266451265304	1	Meta
Prs.Disease.acne	7	0.14881431138651324	0.17189046190629328	2	Prs
Skin.Number_of_red_areas_on_frontal_face	7	0.05980104895181215	0.08209001418783972	1	Skin
