feature	community	eigenvector_centrality	weighted_eigenvector_centrality	degree	source
Prs.Disease.seasonal_allergic_rhinitis	7	0.7071067811865475	0.7071067811865476	7	Prs
Meta.M00505	7	0.26726124191242445	0.3896535139164621	1	Meta
Meta.M00004	7	0.2672612419124244	0.2776005936486082	1	Meta
Meta.M00179	7	0.2672612419124243	0.26068634755193504	1	Meta
Meta.M00447	7	0.26726124191242423	0.2459382351412205	1	Meta
Meta.M00256	7	0.2672612419124245	0.22264604162313556	1	Meta
Meta.M00208	7	0.2672612419124245	0.21761229539387353	1	Meta
Meta.M00082	7	0.26726124191242445	0.21386605910500558	1	Meta
