feature	community	eigenvector_centrality	weighted_eigenvector_centrality	degree	source
Prs.Quant.perceived_unattractiveness_to_mosquitos_measurement	7	0.7071067811865476	0.7071067811865474	4	Prs
Meta.M00778	7	0.3535533905932738	0.4580431150385754	1	Meta
Meta.M00535	7	0.3535533905932736	0.37877988810840363	1	Meta
Meta.M00083	7	0.35355339059327384	0.27377876625342706	1	Meta
Meta.M00345	7	0.3535533905932739	0.26789454693796044	1	Meta
