feature	community	eigenvector_centrality	weighted_eigenvector_centrality	degree	source
Meta.Alistipes_indistinctus	3	0.5968190740086501	0.6417924627247089	3	Meta
Prs.Quant.infant_body_height	3	0.40824829046386335	0.48299206537254374	2	Prs
Prs.Quant.platelet_count	3	0.3030129851146958	0.4140745116970267	1	Prs
Prs.Quant.sex_hormone-binding_globulin_measurement	3	0.46424282688001284	0.30380638960210465	2	Prs
Meta.M00513	3	0.2072730891969342	0.26258693033829317	1	Meta
Meta.Bacteroides_vulgatus	3	0.3175607963748308	0.1383854717998432	2	Meta
Prs.Quant.total_cholesterol_measurement	3	0.1612298417653165	0.054430149613681075	1	Prs
