feature	community	eigenvector_centrality	weighted_eigenvector_centrality	degree	source
Meta.Bacteroides_xylanisolvens	10	0.5116672736016928	0.571631629927476	2	Meta
Prs.Quant.coffee_consumption	10	0.3717480344601842	0.525891529774503	2	Prs
Prs.Quant.protein_C_measurement	10	0.6015009550075456	0.4726923935409083	3	Prs
Meta.M00177	10	0.1954395075848548	0.30000485449074693	1	Meta
Meta.M00296	10	0.31622776601683805	0.20772012532605694	1	Meta
Meta.M00129	10	0.31622776601683794	0.20021667383854475	1	Meta
