feature	community	eigenvector_centrality	weighted_eigenvector_centrality	degree	source
Meta.Klebsiella_pneumoniae	11	0.6209686895771868	0.6213900331276854	4	Meta
Prs.Quant.suntan	11	0.35054183389854937	0.4733084900435814	2	Prs
Prs.Quant.bone_density	11	0.4699592805488337	0.42495474466201394	3	Prs
Meta.M00155	11	0.15778919244339706	0.23088369365043002	1	Meta
Prs.Quant.interleukin-1_beta_measurement	11	0.27951627619251823	0.2224109940076338	1	Prs
Prs.Quant.eosinophil_count	11	0.27951627619251823	0.21430326172609596	1	Prs
Meta.M00055	11	0.21154249846408207	0.1965413337548854	1	Meta
Immune.uniq.Autoimmune_hepatitis	11	0.21154249846408224	0.14811701746173386	1	Immune
