feature	community	eigenvector_centrality	weighted_eigenvector_centrality	degree	source
Prs.Quant.cartilage_thickness_measurement	9	0.6881909602355867	0.6630021341261189	6	Prs
Meta.M00081	9	0.3406401997109159	0.3691683165626212	2	Meta
Meta.M00066	9	0.27558371053340736	0.361914897583076	1	Meta
Meta.M00660	9	0.2755837105334075	0.2475061035815054	1	Meta
surveyHealth.Regularity_of_defecation	9	0.1624598481164525	0.24582141921364778	2	surveyHealth
Meta.M00542	9	0.2755837105334075	0.23970416408739462	1	Meta
Meta.M00207	9	0.2755837105334074	0.23602325511957453	1	Meta
Meta.M00214	9	0.27558371053340697	0.21772114721555144	1	Meta
Meta.Subdoligranulum_unclassified	9	0.06505648917750857	0.10442953825772136	1	Meta
